"0","students <- read_csv(filename, na = c(""""))"
"2","[1mRows: [22m[34m6[39m [1mColumns: [22m[34m5[39m"
"2","[36m──[39m [1mColumn specification[22m [36m───────────────────────────────────────────────[39m
[1mDelimiter:[22m "",""
[31mchr[39m (4): Full Name, favourite.food, mealPlan, AGE
[32mdbl[39m (1): Student ID"
"2","
[36mℹ[39m Use `spec()` to retrieve the full column specification for this data.
[36mℹ[39m Specify the column types or set `show_col_types = FALSE` to quiet this message."
"0","glimpse(students)"
"1","Rows: 6"
"1",""
"1","
"
"1","Columns: 5"
"1",""
"1","
"
"1","$ `Student ID`   [3m[38;5;246m<dbl>[39m[23m 1, 2, 3, 4, 5, 6
$ `Full Name`    [3m[38;5;246m<chr>[39m[23m ""Sunil Huffmann"", ""Barclay Lynn"", ""Jayendra Ly…
$ favourite.food [3m[38;5;246m<chr>[39m[23m ""Strawberry yoghurt"", ""French fries"", ""N/A"", ""…
$ mealPlan       [3m[38;5;246m<chr>[39m[23m ""Lunch only"", ""Lunch only"", ""Breakfast and lun…
$ AGE            [3m[38;5;246m<chr>[39m[23m ""4"", ""5"", ""7"", NA, ""five"", ""6"""
"1",""
"1","
"
