"0","read_delim(file = ""data.txt"", delim = ""||"")"
"2","[1mRows: [22m[34m3[39m [1mColumns: [22m[34m3[39m"
"2","[36m──[39m [1mColumn specification[22m [36m───────────────────────────────────────────────[39m
[1mDelimiter:[22m ""||""
[31mchr[39m (2): name, score
[32mdbl[39m (1): id"
"2","
[36mℹ[39m Use `spec()` to retrieve the full column specification for this data.
[36mℹ[39m Specify the column types or set `show_col_types = FALSE` to quiet this message."
