"0","Gestation |> "
"0","  filter(smoke != ""NA"") |>"
"0","  ggplot(mapping = aes("
"0","    x = gestation,"
"0","    y = wt,"
"0","    color = smoke,"
"0","    shape = smoke)"
"0","    ) +"
"0","  geom_point() +"
"0","  geom_smooth(method = ""lm"") +"
"0","  labs("
"0","    title = ""Birth weight vs Gestation length"", "
"0","    subtitle = ""Data from 1961 and 1962"","
"0","    x = ""Gestation length (in days)"","
"0","    y = ""Birth weight (in oz)"""
"0","    ) +"
"0","  scale_color_colorblind()"
