"0","glimpse(students)"
"1","Rows: 6"
"1",""
"1","
"
"1","Columns: 5"
"1",""
"1","
"
"1","$ `Student ID`   [3m[38;5;246m<dbl>[39m[23m 1, 2, 3, 4, 5, 6
$ `Full Name`    [3m[38;5;246m<chr>[39m[23m ""Sunil Huffmann"", ""Barclay Lynn"", ""Jayendra Ly…
$ favourite.food [3m[38;5;246m<chr>[39m[23m ""Strawberry yoghurt"", ""French fries"", ""N/A"", ""…
$ mealPlan       [3m[38;5;246m<chr>[39m[23m ""Lunch only"", ""Lunch only"", ""Breakfast and lun…
$ AGE            [3m[38;5;246m<chr>[39m[23m ""4"", ""5"", ""7"", NA, ""five"", ""6"""
"1",""
"1","
"
