{"chunk_definitions":[{"row":21,"row_count":1,"visible":true,"expansion_state":0,"options":{"engine":"r","label":"unnamed-chunk-1","dev":"png"},"document_id":"CB958AE3","chunk_id":"cvz1fev0fsb3n","chunk_label":"unnamed-chunk-2"},{"row":25,"row_count":1,"visible":true,"expansion_state":1,"options":{"engine":"r","label":"unnamed-chunk-7","dev":"png"},"document_id":"CB958AE3","chunk_id":"c3nuvtinkb5fh","chunk_label":"unnamed-chunk-3"},{"row":28,"row_count":1,"visible":true,"expansion_state":1,"options":{"engine":"r","label":"unnamed-chunk-3","dev":"png"},"document_id":"CB958AE3","chunk_id":"c4at6jb1l7xif","chunk_label":"unnamed-chunk-4"},{"row":36,"row_count":1,"visible":true,"expansion_state":1,"options":{"engine":"r","label":"unnamed-chunk-8","dev":"png"},"document_id":"CB958AE3","chunk_id":"c1f7was6hpxr0","chunk_label":"unnamed-chunk-5"},{"row":208,"row_count":1,"visible":true,"expansion_state":0,"options":{"engine":"r","label":"unnamed-chunk-122","dev":"png"},"document_id":"CB958AE3","chunk_id":"cuij7f9kgvtm9","chunk_label":"unnamed-chunk-22"}],"doc_write_time":1740949119}