{"chunk_definitions":[{"row":27,"row_count":1,"visible":true,"expansion_state":0,"options":[],"document_id":null,"chunk_id":"c7ll81byey1zk","chunk_label":"unnamed-chunk-1"},{"row":41,"row_count":1,"visible":true,"expansion_state":0,"options":[],"document_id":null,"chunk_id":"c6nwrw7hkvn29","chunk_label":"unnamed-chunk-2"},{"row":45,"row_count":1,"visible":true,"expansion_state":0,"options":[],"document_id":null,"chunk_id":"c3fi6vlj2oyrm","chunk_label":"unnamed-chunk-3"},{"row":54,"row_count":1,"visible":true,"expansion_state":0,"options":{"engine":"r","label":"unnamed-chunk-6","dev":"png"},"document_id":null,"chunk_id":"cz4eyk5gqh5jz","chunk_label":"unnamed-chunk-4"},{"row":62,"row_count":1,"visible":true,"expansion_state":0,"options":[],"document_id":null,"chunk_id":"cmu5wqkzy3fow","chunk_label":"unnamed-chunk-5"},{"row":70,"row_count":1,"visible":true,"expansion_state":0,"options":[],"document_id":null,"chunk_id":"crwryq6gma2fc","chunk_label":"unnamed-chunk-6"},{"row":77,"row_count":1,"visible":true,"expansion_state":0,"options":[],"document_id":null,"chunk_id":"cv7jue2zytopk","chunk_label":"unnamed-chunk-7"},{"row":84,"row_count":1,"visible":true,"expansion_state":0,"options":[],"document_id":null,"chunk_id":"cpz6ckq0rnui0","chunk_label":"unnamed-chunk-8"}],"doc_write_time":1741708265,"chunk_rendered_width":646}