{"chunk_definitions":[{"row":9,"row_count":1,"visible":true,"expansion_state":0,"options":{"engine":"r","label":"setup","include":false,"dev":"png"},"document_id":"B9E917DD","chunk_id":"csetup_chunk","chunk_label":"setup"},{"row":34,"row_count":1,"visible":true,"expansion_state":0,"options":{"engine":"r","warning":false,"include":false,"label":"unnamed-chunk-120","dev":"png"},"document_id":"B9E917DD","chunk_id":"c7h1mghm93n7d","chunk_label":"unnamed-chunk-1"},{"row":51,"row_count":1,"visible":true,"expansion_state":0,"options":{"engine":"r","message":false,"warning":false,"label":"unnamed-chunk-138","dev":"png"},"document_id":"B9E917DD","chunk_id":"cxvbucarlk7dg","chunk_label":"unnamed-chunk-2"},{"row":71,"row_count":1,"visible":true,"expansion_state":0,"options":{"engine":"r","message":false,"warning":false,"label":"unnamed-chunk-142","dev":"png"},"document_id":"B9E917DD","chunk_id":"cdf34or6pde3c","chunk_label":"unnamed-chunk-3"},{"row":93,"row_count":1,"visible":true,"expansion_state":0,"options":{"engine":"r","echo":true,"fig.width":10,"message":false,"warning":false,"label":"unnamed-chunk-153","dev":"png"},"document_id":"B9E917DD","chunk_id":"cqtb15ganc54m","chunk_label":"unnamed-chunk-4"},{"row":124,"row_count":1,"visible":true,"expansion_state":0,"options":{"engine":"r","echo":true,"message":false,"warning":false,"label":"unnamed-chunk-144","dev":"png"},"document_id":"B9E917DD","chunk_id":"c7ynzddlk9hzc","chunk_label":"unnamed-chunk-5"},{"row":144,"row_count":1,"visible":true,"expansion_state":0,"options":{"engine":"r","label":"unnamed-chunk-154","dev":"png"},"document_id":"B78A39FC","chunk_id":"ca48sm12nmdct","chunk_label":"unnamed-chunk-6"}],"doc_write_time":1741726106,"chunk_rendered_width":700}