{"chunk_definitions":[{"row":20,"row_count":1,"visible":true,"expansion_state":0,"options":{"engine":"r","label":"setup","include":false,"dev":"png"},"document_id":"CB58D598","chunk_id":"csetup_chunk","chunk_label":"setup"},{"row":49,"row_count":1,"visible":true,"expansion_state":0,"options":{"engine":"r","label":"unnamed-chunk-99","dev":"png"},"document_id":"CB58D598","chunk_id":"cbt29q6oaoes0","chunk_label":"unnamed-chunk-1"},{"row":72,"row_count":1,"visible":true,"expansion_state":0,"options":{"engine":"r","label":"unnamed-chunk-23","dev":"png"},"document_id":"CB58D598","chunk_id":"cbo8xmd7lqk1k","chunk_label":"unnamed-chunk-3"},{"row":78,"row_count":1,"visible":true,"expansion_state":0,"options":{"engine":"r","label":"unnamed-chunk-262","dev":"png"},"document_id":"CB58D598","chunk_id":"c2i6mxr9522ya","chunk_label":"unnamed-chunk-4"},{"row":85,"row_count":1,"visible":true,"expansion_state":0,"options":{"engine":"r","label":"unnamed-chunk-35","dev":"png"},"document_id":"CB58D598","chunk_id":"cclpsg5kvhxpt","chunk_label":"unnamed-chunk-5"},{"row":91,"row_count":1,"visible":true,"expansion_state":0,"options":{"engine":"r","label":"unnamed-chunk-38","dev":"png"},"document_id":"CB58D598","chunk_id":"cybbhdxnekrih","chunk_label":"unnamed-chunk-6"},{"row":98,"row_count":1,"visible":true,"expansion_state":0,"options":{"engine":"r","label":"unnamed-chunk-39","dev":"png"},"document_id":"CB58D598","chunk_id":"cffwxxa5hafdx","chunk_label":"unnamed-chunk-7"},{"row":104,"row_count":1,"visible":true,"expansion_state":1,"options":{"engine":"r","label":"unnamed-chunk-42","dev":"png"},"document_id":"CB58D598","chunk_id":"ch4du44f70cxo","chunk_label":"unnamed-chunk-8"},{"row":111,"row_count":1,"visible":true,"expansion_state":0,"options":{"engine":"r","label":"unnamed-chunk-44","dev":"png"},"document_id":"CB58D598","chunk_id":"capcp3807v9t3","chunk_label":"unnamed-chunk-9"},{"row":121,"row_count":1,"visible":true,"expansion_state":0,"options":{"engine":"r","label":"unnamed-chunk-94","dev":"png"},"document_id":"CB58D598","chunk_id":"c2bwz1g71qx0s","chunk_label":"unnamed-chunk-10"},{"row":131,"row_count":1,"visible":true,"expansion_state":0,"options":{"engine":"r","label":"unnamed-chunk-66","dev":"png"},"document_id":"CB58D598","chunk_id":"cx1zksq8szopl","chunk_label":"unnamed-chunk-11"},{"row":139,"row_count":1,"visible":true,"expansion_state":0,"options":{"engine":"r","label":"unnamed-chunk-159","dev":"png"},"document_id":"CB58D598","chunk_id":"csm077r0lhz79","chunk_label":"unnamed-chunk-12"},{"row":148,"row_count":1,"visible":true,"expansion_state":0,"options":{"engine":"r","label":"unnamed-chunk-73","dev":"png"},"document_id":"CB58D598","chunk_id":"ctddvc4iwovsm","chunk_label":"unnamed-chunk-13"},{"row":153,"row_count":1,"visible":true,"expansion_state":1,"options":{"engine":"r","label":"unnamed-chunk-90","dev":"png"},"document_id":"CB58D598","chunk_id":"cmpp9xo8lrdf8","chunk_label":"unnamed-chunk-14"},{"row":167,"row_count":1,"visible":true,"expansion_state":0,"options":{"engine":"r","label":"unnamed-chunk-261","dev":"png"},"document_id":"CB58D598","chunk_id":"cfh74orj9bnzg","chunk_label":"unnamed-chunk-15"},{"row":183,"row_count":1,"visible":true,"expansion_state":0,"options":{"engine":"r","label":"unnamed-chunk-109","dev":"png"},"document_id":"CB58D598","chunk_id":"cz848tjctgws7","chunk_label":"unnamed-chunk-16"},{"row":188,"row_count":1,"visible":true,"expansion_state":1,"options":{"engine":"r","label":"unnamed-chunk-106","dev":"png"},"document_id":"CB58D598","chunk_id":"cj1hnu21duwum","chunk_label":"unnamed-chunk-17"},{"row":201,"row_count":1,"visible":true,"expansion_state":0,"options":{"engine":"r","label":"unnamed-chunk-160","dev":"png"},"document_id":"CB58D598","chunk_id":"czwqunttnk2t2","chunk_label":"unnamed-chunk-18"},{"row":212,"row_count":1,"visible":true,"expansion_state":0,"options":{"engine":"r","label":"unnamed-chunk-170","dev":"png"},"document_id":"CB58D598","chunk_id":"c2s0dz2vuka2d","chunk_label":"unnamed-chunk-19"},{"row":222,"row_count":1,"visible":true,"expansion_state":0,"options":{"engine":"r","label":"unnamed-chunk-284","dev":"png"},"document_id":"CB58D598","chunk_id":"ci28b0ql45yuh","chunk_label":"unnamed-chunk-20"},{"row":237,"row_count":1,"visible":true,"expansion_state":0,"options":{"engine":"r","label":"unnamed-chunk-285","dev":"png"},"document_id":"CB58D598","chunk_id":"cmqwmsrsoxtzy","chunk_label":"unnamed-chunk-21"},{"row":244,"row_count":1,"visible":true,"expansion_state":0,"options":{"engine":"r","label":"unnamed-chunk-286","dev":"png"},"document_id":"CB58D598","chunk_id":"clfme4kxi7g2w","chunk_label":"unnamed-chunk-22"}],"doc_write_time":1741116167}